№;Название;Автор;Раздел;Подраздел;Подподраздел;Часть цикла;Перевод;Год публикации;Кол-во страниц (объём);Возрастное ограничение
1;Евгений Онегин;Пушкин А.С.;художественная;стихи;—;нет;нет;1833;~250;12+
2;Мцыри;Лермонтов М.Ю.;художественная;стихи;—;нет;нет;1840;~50;12+
3;Кому на Руси жить хорошо;Некрасов Н.А.;художественная;стихи;—;нет;нет;1876;~300;12+
4;Василий Тёркин;Твардовский А.Т.;художественная;стихи;—;нет;нет;1945;~250;12+
5;Руслан и Людмила;Пушкин А.С.;художественная;стихи;—;нет;нет;1820;~150;6+
6;Преступление и наказание;Достоевский Ф.М.;художественная;проза;роман;нет;нет;1866;~670;16+
7;Война и мир;Толстой Л.Н.;художественная;проза;роман;нет;нет;1869;~1300;12+
8;Анна Каренина;Толстой Л.Н.;художественная;проза;роман;нет;нет;1878;~860;16+
9;Тихий Дон;Шолохов М.А.;художественная;проза;роман;нет;нет;1940;~1500;16+
10;Мастер и Маргарита;Булгаков М.А.;художественная;проза;роман;нет;нет;1967;~480;16+
11;Обломов;Гончаров И.А.;художественная;проза;роман;нет;нет;1859;~600;12+
12;Отцы и дети;Тургенев И.С.;художественная;проза;роман;нет;нет;1862;~300;12+
13;Герой нашего времени;Лермонтов М.Ю.;художественная;проза;роман;нет;нет;1840;~220;12+
14;Мёртвые души;Гоголь Н.В.;художественная;проза;роман;нет;нет;1842;~430;12+
15;Идиот;Достоевский Ф.М.;художественная;проза;роман;нет;нет;1869;~640;16+
16;Братья Карамазовы;Достоевский Ф.М.;художественная;проза;роман;нет;нет;1880;~800;16+
17;Доктор Живаго;Пастернак Б.Л.;художественная;проза;роман;нет;нет;1957;~500;16+
18;Понедельник начинается в субботу;Стругацкий А.Н., Стругацкий Б.Н.;художественная;проза;фэнтези;да;нет;1965;~250;12+
19;Дозор (серия);Лукьяненко С.В.;художественная;проза;фэнтези;да;нет;1998;~400;16+
20;Гарри Поттер и философский камень;Роулинг Дж.К.;художественная;проза;фэнтези;да;да;1997;~400;12+
21;Властелин колец;Толкин Дж.Р.Р.;художественная;проза;фэнтези;да;да;1954;~1200;12+
22;Тёмные аллеи;Бунин И.А.;художественная;проза;—;нет;нет;1946;~300;16+
23;Дама с собачкой;Чехов А.П.;художественная;проза;—;нет;нет;1899;~50;16+
24;Собачье сердце;Булгаков М.А.;художественная;проза;—;нет;нет;1925;~130;12+
25;Азазель;Акунин Б.;художественная;проза;детектив;да;нет;1998;~250;16+
26;Убийство в «Восточном экспрессе»;Кристи А.;художественная;проза;детектив;нет;да;1934;~300;16+
27;Шерлок Холмс: Собака Баскервилей;Дойл А.К.;художественная;проза;детектив;да;да;1902;~250;12+
28;Семнадцать мгновений весны;Семёнов Ю.С.;художественная;проза;детектив;нет;нет;1970;~400;12+
29;Толковый словарь живого великорусского языка;Даль В.И.;научная;справочная;словарь;нет;нет;1866;~700;6+
30;Словарь русского языка;Ожегов С.И.;научная;справочная;словарь;нет;нет;1949;~900;6+
31;Энциклопедический словарь Брокгауза и Ефрона;Брокгауз Ф.А., Ефрон И.А.;научная;справочная;энциклопедия;да;нет;1907;~1200;12+
32;Большая российская энциклопедия;Коллектив авторов;научная;справочная;энциклопедия;да;нет;2004;~800;12+
33;Курс общей физики;Савельев И.В.;научная;предметная;точные науки;да;нет;1970;~450;12+
34;История России;Ключевский В.О.;научная;предметная;соц-гум;нет;нет;1904;~500;12+
35;Общая биология;Коллектив авторов;научная;предметная;естественные науки;нет;нет;1990;~350;12+
36;Азбука;Горецкий В.Г.;образовательня;школьная;детская;нет;нет;2023;~130;0+
37;Русский язык. 5 класс;Ладыженская Т.А.;образовательня;школьная;детская;да;нет;2023;~220;6+
38;Литература. 5 класс;Коровина В.Я.;образовательня;школьная;детская;да;нет;2023;~300;6+
39;Математика. 1 класс;Моро М.И.;образовательня;школьная;детская;да;нет;2023;~130;0+
40;Окружающий мир. 1 класс;Плешаков А.А.;образовательня;школьная;детская;да;нет;2023;~140;0+
41;Букварь;Жукова Н.С.;образовательня;детская;—;нет;нет;2023;~100;0+
42;Денискины рассказы;Драгунский В.Ю.;образовательня;детская;—;нет;нет;1959;~200;6+
43;Приключения Незнайки и его друзей;Носов Н.Н.;образовательня;детская;—;да;нет;1954;~250;0+
44;Основы безопасности жизнедеятельности. 10 класс;Смирнов А.Т.;образовательня;взрослая;—;да;нет;2023;~300;16+
45;Экономика. 10–11 класс;Липсиц И.В.;образовательня;взрослая;—;нет;нет;2023;~350;16+
46;Право. 10 класс;Боголюбов Л.Н.;образовательня;взрослая;—;да;нет;2023;~320;16+
47;Атлас анатомии человека;Синельников Р.Д.;научная;предметная;естественные науки;да;нет;1972;~700;18+
48;Фармакология;Машковский М.Д.;научная;предметная;естественные науки;нет;нет;1984;~900;18+